,movieId,av_rating,no_of_ratings,weighted_rank
100836,3994,3.4794520547945202,76,3.5024030890661964
100837,47,3.9753694581280787,253,3.846325950191702
100839,3266,4.5,9,3.6007760322134583
100840,480,3.75,243,3.6828996720445097
100841,296,4.197068403908794,326,4.038095979308765
100842,1197,4.232394366197183,148,3.9450764262437503
100843,65230,3.1428571428571432,15,3.4706734317749923
100844,353,3.609375,73,3.5576240607587684
100845,1958,3.7954545454545454,23,3.5713824557457032
100846,260,4.231075697211154,280,4.0439099545536585
100847,246,4.293103448275862,42,3.74855586154122
100848,1222,4.098039215686275,135,3.8519994962932516
100849,1104,4.474999999999999,35,3.7674784260093843
100850,1199,4.177966101694914,76,3.804034154773184
100851,1262,4.127906976744186,48,3.7170548810472157
100852,1243,3.96875,22,3.60079579927268
100853,5,3.071428571428571,51,3.3683936732061204
100854,318,4.429022082018927,374,4.237212755667397
100855,4973,4.183333333333334,133,3.898574767573392
100856,1028,3.887323943661972,76,3.6785295865316865
100857,4901,3.4814814814814814,28,3.511453664005847
100858,112556,3.7162162162162167,46,3.58171598258365
100859,377,3.5292397660818713,182,3.525908599071516
100860,3200,4.25,10,3.5862235228296995
100861,46970,3.25,35,3.449885833416792
100862,3527,3.5819672131147544,68,3.5449902262087516
100863,541,4.100806451612903,141,3.8597439717372874
100864,5991,3.7244897959183674,50,3.588060515381235
100865,48516,4.252336448598131,130,3.933862286213148
100866,207,3.428571428571429,22,3.5033865486871996
100868,225,3.5384615384615388,60,3.5268267488684955
100869,141,3.494186046511628,90,3.5076912194595447
100870,2949,3.7121212121212124,34,3.5686321546521507
100872,1676,3.3312500000000003,82,3.434874107204764
100873,33493,3.4294871794871797,83,3.478863515894551
100874,9,3.125,17,3.4624751069339057
100875,8874,4.006493506493506,97,3.759464251985467
100877,1246,3.9593023255813953,90,3.728009456913645
100878,1221,4.259689922480622,173,3.988684776924596
100879,112552,4.0394736842105265,43,3.6760975939323046
100880,51255,4.0,65,3.7089975000682847
100881,4027,3.8085106382978724,100,3.664178256705271
100882,1,3.9209302325581405,310,3.8231047795226596
100883,3087,3.166666666666667,25,3.449210033423469
100884,367,3.1847133757961785,165,3.3111784698778735
100885,16,3.926829268292683,92,3.714858751011426
100886,1209,4.305555555555555,24,3.6719187164887117
100887,4993,4.1060606060606055,223,3.924569977284155
100888,69481,4.0588235294117645,39,3.671069821282919
100890,923,4.043478260869565,72,3.7390408272899744
100891,86345,4.055555555555555,12,3.577243340874407
100892,1089,4.202290076335879,138,3.9155488153177234
100893,79132,4.066433566433567,161,3.85701299504625
100894,4226,4.122641509433962,199,3.921037618356607
100895,2401,3.8125,10,3.5464507955569724
100896,44199,3.8000000000000003,54,3.618081737086149
100897,919,3.8804347826086953,94,3.6945642117344555
100898,832,3.3378378378378377,42,3.4660125119750433
100899,858,4.2890625,225,4.052380461573129
100900,515,3.604166666666667,28,3.5382910482651067
100901,63082,3.8098591549295775,83,3.6513819528438356
100902,4896,3.7616822429906542,117,3.6502369121713065
100903,93510,3.8653846153846154,27,3.5933068671389887
100905,4441,4.166666666666667,4,3.5447235978647464
100906,33679,3.2796610169491527,66,3.4243506905416323
100907,6,3.9460784313725488,136,3.765471416008193
100910,1303,4.029411764705882,19,3.6012051347956198
100911,58,4.027027027027027,43,3.6723548928211827
100912,8961,3.8360000000000003,135,3.7014663298351786
100913,5952,4.0212765957446805,212,3.8605616211831384
100914,1214,3.969178082191781,162,3.7976772397951737
100915,3052,3.6455696202531644,85,3.57761083909614
100916,62,3.7062500000000003,101,3.6135116294092886
100917,7439,3.5,19,3.5166772059770333
100918,7325,3.285714285714286,22,3.47762542456542
100919,1375,3.261904761904762,44,3.441030534965809
100920,903,4.025,65,3.7188459849167694
100921,5445,3.6375,130,3.5863460326576826
100923,51662,3.6812499999999995,89,3.5958509921231054
100924,280,4.076923076923077,15,3.5925081188270704
100926,2881,3.026315789473684,20,3.4375908608395056
100929,1801,3.5,29,3.515384399312147
100931,58559,4.238255033557047,176,3.9779618602076345
100933,914,4.042857142857143,36,3.6582900342215003
100934,508,3.6136363636363638,69,3.558139033148971
100935,159817,4.214285714285714,13,3.599737184044082
100937,36,3.835820895522388,73,3.6531763750543425
100938,89745,3.8695652173913038,73,3.6674153085597236
100940,4306,3.8676470588235294,182,3.744313305734572
100941,342,3.272727272727273,35,3.455778089309048
100943,7361,4.1603053435114505,143,3.896741776269154
100944,628,3.642857142857143,36,3.5524076812803242
100945,593,4.161290322580646,303,4.00212296588884
100946,3925,3.916666666666667,7,3.545806113812464
100947,92259,4.108108108108108,44,3.6995926685279423
100948,2571,4.192446043165468,315,4.030373713514192
100949,188751,4.5,2,3.539064583443794
100950,293,4.018796992481202,158,3.8254050865244063
100952,1704,4.078014184397163,155,3.8591246513444206
100955,50,4.237745098039215,249,4.032043314965707
100956,3753,3.448529411764706,70,3.4904802725576256
100957,22,3.2222222222222223,37,3.4394657644780233
100958,940,4.0,21,3.603178409184024
100963,1035,3.9375,70,3.6918211030074524
100964,1127,3.475806451612903,69,3.501865282086138
100966,932,3.9375,10,3.5578144319206086
100967,1278,3.9927536231884058,71,3.7161993845476244
100968,122904,3.833333333333333,59,3.6361714099241107
100969,588,3.792349726775956,193,3.699344999245824
100970,14,3.8333333333333335,23,3.5784654811214116
100971,65,2.532258064516129,32,3.280430648301387
100972,2762,3.893854748603352,194,3.766640846055501
100974,59315,3.824468085106383,100,3.672156980109526
100975,589,3.970982142857143,245,3.8402180072790344
100976,2288,3.9333333333333336,56,3.6682772703713695
100977,3219,3.1923076923076925,14,3.4796218877506546
100978,2683,3.1983471074380163,125,3.341235448626751
100979,54001,3.862068965517241,60,3.6481795340143837
100981,8360,3.576086956521739,96,3.5473925272313975
100984,6333,3.7236842105263155,94,3.618612903612065
100985,3578,3.9382352941176473,193,3.79544027056646
100986,55820,3.8984375,75,3.6820994286358113
100989,4878,3.9816513761467887,131,3.7817355748333172
100990,1411,4.0,18,3.593089724671754
100991,68954,4.004761904761905,118,3.7823233590512464
100996,527,4.225,266,4.0323349385553735
100998,780,3.4455445544554455,217,3.4689834568709736
101001,56782,4.142857142857143,32,3.670878909717391
101003,610,3.5454545454545454,36,3.5266246407914013
101004,1212,4.229166666666666,26,3.6662136574968276
101005,1367,3.0744680851063833,48,3.3753990242998198
101006,48780,4.0055555555555555,98,3.7602476361399564
101007,5995,4.108695652173913,58,3.7360059198566704
101008,45,3.3125,34,3.467235727696022
101011,750,4.268041237113402,113,3.916775808944044
101014,1916,3.416666666666667,14,3.5071747442508796
101016,2329,4.217054263565891,144,3.931313120757194
101018,1256,3.804347826086956,25,3.576746265307527
101020,356,4.164133738601824,351,4.0212761192028985
101022,1358,3.8404255319148937,51,3.6281211234365998
101023,112852,4.0508474576271185,63,3.7250796155937143
101025,1682,3.8120000000000003,138,3.689246166013727
101030,1210,4.137755102040816,223,3.9464519358091916
101032,1090,3.984126984126984,66,3.7044395690581196
101033,778,4.03921568627451,119,3.8020605213604277
101034,4239,3.813725490196078,56,3.625341121552868
101035,924,3.8944954128440368,121,3.7249707351375356
101038,866,4.0,26,3.6189252977084676
101039,1198,4.2075,213,3.9878021965216193
101040,1031,3.479166666666667,25,3.511710033423469
101043,292,3.4257425742574257,106,3.4714237882648256
101045,2791,3.85632183908046,91,3.680156412919313
101046,81834,3.9893617021276593,54,3.6844812949750683
101048,2968,3.731707317073171,45,3.5855959777900663
101049,497,3.813953488372093,46,3.6125099176464603
101050,1259,4.0054945054945055,102,3.7650743914440916
101052,920,3.644444444444445,52,3.5624717014630134
101053,1500,3.610169491525424,62,3.554414172752119
101055,150,3.845771144278607,232,3.747600882481638
101056,1784,3.6979166666666665,101,3.6093242330577127
101058,904,4.261904761904762,105,3.8999248171281318
101059,110,4.031645569620253,268,3.892569565677975
101060,6947,3.638888888888889,37,3.5519961781033276
101062,164179,3.980769230769231,33,3.634210316741741
101064,1079,3.9225352112676055,78,3.6963052471356193
101066,1073,3.8739495798319328,123,3.7151586808546844
101067,122886,3.853658536585366,43,3.6202231089820818
101068,1274,3.7435897435897445,80,3.6192875944358143
101069,5816,3.5980392156862746,115,3.5616702200706447
101071,2858,4.056372549019608,224,3.890777896579195
101072,1228,4.1875,55,3.7567554032984964
101074,1380,3.139705882352941,69,3.3646407893113603
101076,1272,4.121212121212121,35,3.6757556426199347
101077,1350,3.8181818181818183,25,3.5795130637264996
101080,454,3.5346534653465347,110,3.527602231901837
101081,2706,3.378640776699029,109,3.4462030247438333
101084,1997,3.80188679245283,57,3.6222428960578235
101085,608,4.116022099447513,193,3.9125489853400586
101087,174053,4.75,8,3.6109684028821016
101088,72226,4.083333333333333,19,3.609814460878994
101089,1777,3.419642857142857,57,3.4834664354675784
101093,364,3.9418604651162794,204,3.8030398762993025
101094,7256,4.0,11,3.5674287163177203
101098,1225,4.184210526315789,88,3.830825073548173
101099,1077,3.75,29,3.571585949699744
101100,116797,4.02,52,3.6909512336267563
101101,1722,3.0666666666666664,47,3.374951842480274
101103,115713,3.9107142857142856,46,3.642996196261124
101106,2081,3.425373134328358,71,3.4806203511612894
101108,1201,4.145833333333333,88,3.812861281088299
101109,5218,3.688235294117647,86,3.5977033484160463
101110,1356,3.879120879120879,103,3.702138118525702
101113,104879,4.15625,19,3.6214566177417393
101116,2064,3.8387096774193545,33,3.5989624576398924
101117,2135,3.772727272727273,12,3.546940310571377
101118,6620,3.8333333333333335,20,3.5720937848161136
101120,1517,3.535,102,3.527497957976569
101121,265,3.939393939393939,39,3.6375607996232415
101123,1206,3.9958333333333336,123,3.7823860426514218
101126,1097,3.7663934426229506,128,3.658258544592125
101128,10,3.496212121212121,136,3.506226423712354
101129,2712,3.4622641509433962,59,3.4984790718045744
101133,70286,3.7769230769230773,67,3.6229846327252284
101135,2423,3.566666666666667,33,3.5314630639944884
101136,1284,4.142857142857143,16,3.6057784637670798
101138,44191,3.885,103,3.705121120745157
101139,2951,3.9358974358974357,41,3.64082540697207
101140,3499,3.8409090909090913,49,3.6254304225893454
101142,4880,3.888888888888889,11,3.556417705306709
101143,899,4.074468085106384,60,3.7278292038603125
101144,1476,3.5384615384615383,29,3.5240307916794693
101146,150548,3.85,11,3.5525638514528555
101148,3471,3.7416666666666663,62,3.6047402521271623
101150,4995,4.0,126,3.7875424226162258
101151,2085,3.431818181818182,45,3.4925269358143805
101152,91529,3.9934210526315783,88,3.741519362461946
101155,71379,3.4,6,3.5130621463327074
101156,8950,3.986842105263158,42,3.657971520650138
101157,3,3.259615384615385,57,3.425367289390725
101158,64575,3.357142857142857,9,3.506411680968373
101159,911,3.8076923076923075,14,3.5551954370084147
101160,1945,4.1875,34,3.6892506530691564
101161,12,2.4210526315789473,21,3.3291462212762384
101162,71535,3.8773584905660377,61,3.6553009654397224
101163,1588,3.075,21,3.4426412191013798
101165,7099,4.0,27,3.6219258859154877
101167,748,3.1136363636363633,27,3.433486372672825
101168,128520,3.8000000000000003,6,3.5357036557666697
101170,3301,3.523809523809524,45,3.5210759729841072
101172,4361,3.421875,35,3.4944460186019772
101179,2550,4.0,11,3.5674287163177203
101186,5014,3.764705882352941,20,3.5606558763193816
101187,1096,4.05,13,3.5808370576218316
101189,1200,3.964285714285714,134,3.7743541590835585
101190,661,3.4489795918367347,56,3.494406696500796
101191,7438,3.868181818181818,121,3.7105637443948734
101193,3174,3.4871794871794872,43,3.5100231151047896
101194,4223,3.5125,42,3.517673151487796
101202,30816,3.1666666666666665,18,3.4659710806039574
101204,5299,3.2666666666666666,66,3.4191842621160657
101208,180095,4.0,8,3.555412847326546
101209,1136,4.161764705882352,144,3.898683217861991
101212,475,4.3,34,3.717795429188559
101213,8228,3.61764705882353,18,3.5347646997465296
101215,3435,4.323529411764706,19,3.64816509525039
101222,111,4.105769230769231,113,3.8306878431370426
101224,590,3.8353658536585367,174,3.720212576816979
101227,96821,3.825,27,3.5847211615060393
101228,5903,3.875,54,3.64438043838485
101229,4011,4.155913978494623,102,3.8410287788005864
101240,6377,3.960992907801418,158,3.790005685829035
101243,82,3.875,9,3.5491705276263024
101245,457,3.9921052631578946,202,3.8357279823482173
101247,32,3.983050847457628,211,3.834110341880471
101249,1527,3.7456896551724137,137,3.6503969209699902
101252,3697,2.9047619047619047,24,3.400797364722199
101255,467,5.0,2,3.5488685050124213
101256,1302,3.517857142857143,61,3.519092380282936
101257,34,3.65234375,137,3.596437473676232
101259,3147,4.148648648648649,138,3.884445802625128
101261,3108,3.8055555555555554,41,3.6029245765180478
101271,5989,3.9217391304347826,120,3.7390603780156404
101275,4322,3.75,14,3.5481104167654998
101276,1387,4.0054945054945055,102,3.7650743914440916
101277,3608,2.94,26,3.400195138978309
101286,3186,3.4642857142857144,32,3.506376745215226
101288,78499,4.109090909090909,61,3.743100204756599
101289,640,2.6818181818181817,12,3.4300571936882602
101290,1036,3.8620689655172415,156,3.7283880708279558
101291,4444,4.166666666666667,7,3.56216125399938
101294,1172,4.161764705882352,43,3.712870418630826
101300,1234,3.9765625,72,3.7110295785538776
101301,3949,3.921875,113,3.733128931977779
101303,86833,3.761904761904762,22,3.563495838304686
101305,5481,2.8461538461538463,66,3.2519924178157877
101306,69844,3.887931034482759,62,3.6607179731431976
101308,106782,3.916666666666667,59,3.6670938417899395
101311,122924,3.071428571428571,24,3.433055429238328
101315,48774,3.9453125,75,3.702188714350097
101320,5418,3.8169642857142856,118,3.680671436814462
101325,222,3.75,20,3.5582048959272248
101326,2028,4.1462765957446805,208,3.9428899981368843
101328,3462,3.7199999999999998,26,3.56114751993069
101329,7573,3.125,10,3.4839507955569724
101330,1291,4.046428571428571,151,3.8366346685138693
101331,587,3.4347826086956523,119,3.473624282858674
101332,54286,3.697530864197531,93,3.605466103013665
101333,339,3.469387755102041,101,3.494491297395886
101334,4366,3.3421052631578947,20,3.4902224397868737
101335,1258,4.08256880733945,121,3.8279430461508612
101336,383,3.0952380952380953,22,3.4432772590697134
101339,83,3.0,2,3.5096528187379112
101340,1208,4.219626168224299,115,3.894146962125867
101342,1244,4.1060606060606055,36,3.675020362716535
101346,2023,3.3555555555555556,51,3.464357091686095
101347,3703,4.0375,46,3.6829423802141568
101350,1084,4.071428571428572,36,3.665853059431585
101351,45722,3.5069444444444446,73,3.514401918819141
101357,2716,3.775,125,3.6615981667167423
101358,71579,3.833333333333333,7,3.5403544004168253
101360,185,3.0401785714285716,119,3.2592047374943696
101362,349,3.6045454545454545,112,3.564592822737537
101365,5225,3.952380952380952,23,3.600726418016495
101371,1265,3.944055944055944,147,3.772310976872432
101372,3159,3.8333333333333335,16,3.5630855245224162
101373,3793,3.6992481203007523,140,3.6244971848057177
101375,6016,4.1466666666666665,81,3.800356837078823
101377,69069,3.583333333333333,7,3.5239992602299095
101381,1610,3.8722222222222222,93,3.6896438040307444
101384,3100,3.9318181818181817,25,3.6022403364537725
101388,1617,4.061855670103093,103,3.794855771093032
101390,390,3.7,8,3.5331906251043237
101392,2944,3.96875,34,3.633746921725873
101398,89864,3.631578947368421,22,3.5399944619128867
101400,3535,3.7881355932203387,68,3.628439332441964
101405,921,3.388888888888889,11,3.50686815575716
101410,134368,3.6875,19,3.5466141807669493
101412,33669,3.0714285714285716,8,3.486629778543477
101415,96079,3.81,52,3.6191091283635988
101416,109374,3.7788461538461537,55,3.6117491998245512
101418,2018,3.368421052631579,42,3.475058251561925
101419,41566,3.443548387096774,68,3.488963558534807
101420,47200,3.428571428571429,15,3.507940512520334
101423,115617,3.8536585365853657,50,3.631116762270235
101424,161,3.6359223300970873,108,3.5801163421238096
101428,802,3.3369565217391304,53,3.456492046819875
101432,357,3.5194174757281558,107,3.5196244319525585
101433,3507,4.066666666666666,17,3.5992984687572673
101437,32587,3.8571428571428568,92,3.6814673456688007
101438,2355,3.516304347826087,94,3.5181298773552534
101439,516,3.055555555555556,20,3.4424641551864843
101440,27,3.3333333333333335,14,3.496940826122225
101441,6934,3.1518987341772156,82,3.35406749293296
101444,3702,3.486842105263158,41,3.510249034234443
101447,2529,3.8035714285714284,59,3.625127684257744
101448,33166,3.8899999999999997,51,3.64486481795541
101454,491,3.2941176470588234,22,3.4791407848078775
101474,4701,3.370967741935484,33,3.4829061879333683
101478,1095,3.6666666666666665,18,3.542242267044635
101479,28,4.2272727272727275,12,3.595641609272676
101480,48394,3.814814814814815,89,3.6587465927501874
101481,1263,3.8255813953488373,46,3.6161735047761194
101486,2428,2.4782608695652173,24,3.3182487772647757
101487,529,3.875,49,3.636641526921255
101488,1884,3.9673913043478257,49,3.6670252444584595
101489,4022,3.7,109,3.6138018541208945
101491,170705,4.285714285714286,19,3.6421273860490624
101492,15,3.0,16,3.448142995786784
101493,2890,3.7111111111111112,46,3.5801075248108085
101496,1732,3.924528301886792,116,3.7371753265284022
101498,3536,3.452380952380952,22,3.507680069374163
101503,930,4.25,23,3.656378760254203
101504,40629,3.555555555555556,32,3.5285027673412483
101506,4262,3.932835820895523,68,3.687008472215253
101508,2324,4.1477272727272725,102,3.836894897670539
101509,1407,3.2,72,3.385956904135273
101510,7153,4.118918918918919,201,3.919891329614517
101512,61024,3.67741935483871,44,3.567993327251182
101517,2959,4.272935779816514,243,4.0533760408358015
101520,1608,3.3448275862068964,59,3.4549019817451185
101522,1188,3.6590909090909087,24,3.546796526850393
101525,5577,3.666666666666667,14,3.5378764986368445
101528,239,3.0,19,3.4368452732039243
101533,122892,3.5185185185185186,28,3.519555515857699
101536,891,3.8000000000000003,7,3.5381737150585697
101538,63876,3.5454545454545454,12,3.5225896612207275
101540,3037,4.145833333333333,35,3.682138919836545
101543,107,3.326923076923077,30,3.4753252293766095
101548,1385,2.8541666666666665,26,3.382483498766669
101553,6796,3.7222222222222223,21,3.5549690427928398
101554,1059,3.722222222222222,39,3.576627727898803
101556,912,4.24,109,3.8954286483792684
101557,3624,3.1511627906976742,44,3.40719271043031
101560,1968,3.7787610619469025,122,3.6621325994089595
101565,253,3.458715596330275,114,3.48728114716317
101566,53996,3.346153846153846,49,3.4627256776698347
101567,2353,3.492537313432836,68,3.508792409670832
101569,2987,3.5721649484536084,100,3.546005411783139
101577,18,3.7,22,3.5523326845185816
101578,4874,3.484848484848485,35,3.5107724776367695
101581,1230,3.8706896551724137,66,3.659337980437628
101583,322,3.5500000000000003,12,3.523076674207741
101588,2997,3.954545454545454,104,3.7414574254117365
101589,60684,3.988372093023256,45,3.665250563429748
101595,62434,3.5238095238095237,22,3.520560631435053
101596,2935,4.0,9,3.559491628543734
101604,3019,4.15,16,3.6067636854419565
101606,55247,3.902439024390244,46,3.6403889221453296
101610,50872,3.868055555555556,76,3.670209146213007
101613,2327,3.6666666666666665,4,3.5254928286339773
101617,575,2.65625,17,3.3943661325749312
101620,344,3.040372670807453,163,3.22268187396533
101626,165,3.5555555555555554,147,3.5410981950523626
101631,6711,4.033783783783784,81,3.749840187832892
101643,1207,4.120689655172414,67,3.7609029605258604
101647,1204,4.3,52,3.786740707310967
101649,300,3.518518518518518,83,3.5192438499907324
101650,122900,3.7222222222222223,29,3.5653413329900108
101653,733,3.640495867768595,129,3.5878102814559636
101654,1203,4.149122807017544,76,3.791579095707956
101655,177593,4.75,29,3.7963921512501315
101657,3916,3.7439024390243905,44,3.5883076029745844
101659,171,3.833333333333333,7,3.5403544004168253
101660,1237,4.222222222222222,21,3.641745902296972
101664,2476,3.75,14,3.5481104167654998
101666,47997,3.7222222222222228,24,3.5590154906822606
101671,168252,4.28,29,3.6907332365214494
101678,2078,3.830188679245283,75,3.6528499340266465
101679,951,4.392857142857142,23,3.683091884528303
101683,1687,3.2222222222222223,20,3.470241932964262
101685,2150,3.8928571428571432,30,3.605925398438317
101688,59615,2.833333333333333,40,3.3236994346042876
101691,95,3.0238095238095237,87,3.289069604720297
101696,95510,3.25,32,3.4544286932671744
101697,1245,4.2250000000000005,22,3.6470048156661226
101700,109487,3.9931506849315066,88,3.741392807368295
101704,3552,3.8269230769230766,55,3.628808753174427
101705,99114,3.9436619718309855,74,3.7000895024526432
101709,5872,2.9259259259259256,29,3.3863289873109985
101712,3510,3.416666666666667,37,3.4919799575031654
101721,953,4.0344827586206895,62,3.716805670035492
101723,288,3.233695652173913,99,3.377489734052685
101724,86781,4.4,7,3.577426051507168
101727,7090,3.9210526315789473,43,3.640488466217914
101731,1219,4.0361445783132535,91,3.765831121140173
101733,3668,3.6666666666666665,16,3.5400970187752896
101734,1288,4.015151515151515,72,3.7271831197800935
101737,27397,4.25,5,3.554615119154924
101742,838,3.916666666666666,41,3.635233481167378
101745,106920,3.9200000000000004,28,3.607379589931773
101749,4429,4.5,3,3.5483940535074465
101752,81564,3.6,23,3.5348340448070488
101760,520,3.1304347826086953,70,3.359500131140445
101766,56367,3.7692307692307696,71,3.6233916498634597
101771,139385,3.903225806451613,34,3.617121380079267
101785,316,3.375,144,3.4343630635707663
101794,1488,2.8333333333333335,16,3.4251544900396578
101808,27193,3.875,10,3.5521326137387907
101813,6993,3.7692307692307687,18,3.5578876386222102
101823,5618,4.155172413793103,98,3.8343004245605607
101835,2174,3.4725274725274726,93,3.497044779566435
101839,1287,3.9411764705882355,39,3.638060934274879
101842,500,3.388888888888889,146,3.4421234361343283
101845,52973,3.653846153846154,53,3.5662642723210007
101848,266,3.397058823529412,73,3.4680339978549943
101849,164,3.321428571428571,15,3.493965357240831
101850,3996,3.836363636363636,122,3.6937880682325703
101853,108190,3.0,20,3.4332048959272248
101856,3178,3.53125,17,3.5215028847116834
101859,17,3.7761194029850746,77,3.6313320991023597
101862,553,3.815384615384615,68,3.639468698556076
101868,954,4.083333333333333,19,3.609814460878994
101873,5574,3.5192307692307696,27,3.5197151045708486
101876,6104,4.166666666666666,10,3.578647765253942
101878,471,3.55,44,3.5290596354949093
101880,89904,4.045454545454546,12,3.5761610897921563
101882,140,3.5,22,3.51626711074809
101889,648,3.537037037037037,170,3.5306699400280124
101890,47099,3.7934782608695654,56,3.618072885384376
101896,8604,3.2,8,3.4961535880672865
101897,786,3.109375,69,3.3522571746228813
101899,1193,4.203007518796992,150,3.9297428613232634
101904,33794,3.862068965517241,129,3.71262656796066
101911,1394,3.9913793103448274,61,3.698501400262742
101917,1485,3.0337837837837838,78,3.306852374417989
101925,2502,4.090425531914894,104,3.8107296217177256
101928,2692,4.0,79,3.731757472129983
101933,112290,3.823529411764706,22,3.5746084800827087
101936,11,3.6714285714285713,75,3.5848098878194845
101937,1729,3.697916666666667,50,3.5792028056306684
101938,5971,3.959459459459459,38,3.6408988910922204
101942,1923,3.676190476190476,108,3.6010248025953766
101944,153,2.9160583941605838,138,3.169750613048015
101960,1261,4.044117647058823,37,3.661437521550682
101962,1215,4.03921568627451,57,3.70840688935614
101963,1148,4.035714285714286,60,3.7132965290882756
101966,72641,3.6774193548387095,34,3.559827205789426
101967,329,3.3935185185185186,115,3.45227542856231
101968,4041,3.6428571428571432,15,3.53589082307934
101976,90866,3.75,20,3.5582048959272248
101977,2761,4.051282051282051,42,3.6770312229937545
101980,1250,4.122222222222223,53,3.728512191431665
101982,4321,3.370967741935484,34,3.4820708263960705
101984,122912,4.0,15,3.582474674011017
101985,1374,3.7661290322580645,64,3.6159563754620923
101989,594,3.6168831168831166,86,3.564712556791479
101994,27773,4.08974358974359,43,3.691213719372317
101996,782,3.0,11,3.4683296172186213
101999,1645,3.411764705882353,52,3.4828707382707194
102009,25,3.625,89,3.5693628968850106
102010,2788,4.053571428571429,30,3.6430133105262295
102015,55765,3.9054054054054057,38,3.626014441425162
102020,2025,3.928571428571429,8,3.5501218420355407
102025,7008,4.5,7,3.583968107581934
102033,175,3.9749999999999996,21,3.5988395662088175
102034,3265,4.0,13,3.575084845232451
102037,60756,3.553571428571429,31,3.527826731274666
102038,8810,2.8235294117647056,25,3.380582582443077
102052,76093,3.943396226415094,62,3.681945392277795
102056,1080,3.926966292134831,99,3.722383168003092
102060,71462,4.25,6,3.561175353879877
102068,78836,5.0,3,3.562957160303563
102069,79091,3.6842105263157894,42,3.5684607719473953
102072,173,2.669354838709677,68,3.1755995032352677
102073,2302,3.26271186440678,60,3.4234206210979607
102077,3000,3.9583333333333335,78,3.711992064670039
102078,3429,4.25,16,3.6205567888902324
102080,2726,4.055555555555555,10,3.5685467551529317
102085,8869,3.333333333333333,7,3.5076441200429933
102089,539,3.4716981132075473,110,3.494625618876653
102090,8636,3.8037974683544302,82,3.647780109430386
102095,6874,3.961832061068702,144,3.7806901815785245
102100,2087,3.5731707317073167,42,3.5356180157955936
102105,1620,3.1153846153846154,14,3.470175194093435
102111,31658,4.075,43,3.686780332246622
102115,380,3.4971910112359548,182,3.5052246509085485
102117,6732,3.75,4,3.5286979568391055
102118,8968,3.583333333333333,7,3.5239992602299095
102122,40491,5.0,2,3.5488685050124213
102125,1276,4.271929824561404,63,3.8105286285805855
102128,19,2.7272727272727275,90,3.1444164892937496
102135,2398,4.058823529411765,23,3.620630314534452
102141,52722,3.0,45,3.358514396629427
102142,805,3.6571428571428566,43,3.5611309815972714
102148,3681,4.151515151515151,39,3.697076823168042
102150,3809,3.2714285714285714,36,3.4540883535492317
102153,1639,3.576923076923077,54,3.539859958864371
102161,58554,3.5,3,3.5192678399152135
102166,67618,5.0,5,3.5903294048692094
102173,595,3.7705479452054798,158,3.6733766002082664
102179,555,3.8,67,3.632243038989622
102185,4571,3.7,47,3.5774461735460337
102208,3868,3.4047619047619047,43,3.4852402057064955
102210,837,3.272727272727273,35,3.455778089309048
102215,60293,4.0,4,3.53831334145449
102222,1249,4.071428571428572,36,3.665853059431585
102224,142115,4.75,5,3.5784246429644475
102226,47404,4.25,3,3.541112500109388
102240,551,3.553763440860215,102,3.536972566727767
102266,52281,3.425925925925926,28,3.4993008862280695
102268,111759,3.9772727272727275,46,3.6639666641493998
102269,1719,4.25,21,3.6465668389360903
102272,4294,4.0,3,3.53383094671133
102273,2657,3.341269841269841,69,3.4469361334845328
102277,4144,4.214285714285714,16,3.615630680515848
102278,115569,4.166666666666667,31,3.672910337236135
102280,969,3.9705882352941173,37,3.6415792132638636
102282,971,4.1,13,3.5865892700112125
102292,1376,3.476744186046511,46,3.5062658908863455
102295,223,3.855769230769231,114,3.6987957000885947
102296,232,3.892857142857143,17,3.5740440935028923
102297,2396,3.7771739130434785,98,3.647210257522868
102302,58998,3.769230769230769,44,3.596046814982089
102304,2011,3.5057471264367814,89,3.5132067818208492
102313,2395,3.5446428571428568,60,3.5291447433739895
102316,509,3.540983606557377,64,3.5280947459203604
102320,133419,3.444444444444444,10,3.5129911995973764
102324,8533,3.5657894736842106,39,3.5327365250715914
102327,1354,4.071428571428571,9,3.5653894004965516
102344,2297,3.6428571428571432,15,3.53589082307934
102358,4499,4.125,17,3.607774252233051
102364,1231,3.8636363636363633,23,3.584131901421978
102366,79702,3.704545454545455,60,3.589108217399964
102367,2300,3.9696969696969697,36,3.638924106032043
102372,1093,3.4054054054054053,41,3.4865688590985005
102379,1643,3.8000000000000003,6,3.5357036557666697
102385,5137,3.8333333333333335,7,3.5403544004168253
102386,98809,3.8125,41,3.604943883058631
102392,1240,3.8969465648854964,132,3.734403164121347
102402,38061,4.071428571428571,39,3.6746064877480666
102406,7025,3.75,6,3.5328734670874242
102407,1307,3.8588235294117648,86,3.6765774787133267
102412,3254,3.2962962962962963,28,3.470944404746588
102413,5103,3.4375,26,3.5028538691370392
102415,5902,3.9456521739130435,48,3.6579452152641423
102419,60069,4.0576923076923075,119,3.8121003293454407
102426,108932,3.870967741935484,32,3.6049663276757764
102427,3114,3.8608247422680413,106,3.695301020347958
102433,1391,3.0930232558139537,88,3.3200565639515682
102437,2420,3.5657894736842106,39,3.5327365250715914
102441,59784,3.444444444444444,56,3.4927786948727944
102454,4963,3.84453781512605,122,3.698280184489392
102455,57669,4.158536585365853,44,3.7150013699122537
102464,115149,3.8448275862068964,30,3.5948416545959523
102472,3421,3.693548387096774,63,3.5869824288243173
102473,1270,4.038011695906433,182,3.8542649509441054
102475,2447,3.2666666666666666,17,3.483059152517951
102476,55391,4.5,2,3.539064583443794
102479,4886,3.871212121212121,134,3.721055605785005
102482,2797,3.71978021978022,94,3.616721279229936
102485,3683,4.0,29,3.627787500087341
102489,494,3.378048780487805,48,3.473857628207308
102495,134853,3.813953488372093,48,3.615232128061672
102498,273,2.946428571428571,29,3.3909381091681823
102505,1663,3.7941176470588234,35,3.590953371543154
102507,2289,3.9473684210526314,42,3.646296205601954
102508,1845,3.966666666666667,17,3.584768554227353
102515,3567,5.0,4,3.576774879916029
102518,6502,3.974137931034483,65,3.69880941229399
102529,1101,3.301204819277108,90,3.4162790591905616
102531,8949,3.743589743589743,41,3.584906148925152
102536,57368,3.351851851851852,29,3.4820797768602376
102538,368,3.5,78,3.511149368040826
102539,879,3.0,7,3.485837266460439
102542,2640,3.6065573770491803,64,3.5536845100147225
102556,7373,3.3780487804878048,46,3.475170078176068
102561,592,3.428571428571429,191,3.4599372177608583
102564,81845,4.043103448275862,64,3.7240439524446476
102578,88405,3.05,22,3.435119569764483
102581,2490,3.4222222222222225,49,3.4877414523500394
102589,2918,3.8394495412844036,110,3.6872573192978635
102607,1653,3.953488372093023,91,3.7264504155588067
102612,35836,3.5472972972972974,82,3.5322140982947547
102616,3448,3.802325581395349,45,3.6075119908555697
102617,1267,4.25,36,3.71312196699461
102622,1584,3.6524390243902443,88,3.581910753497917
102625,1233,4.2125,45,3.7348075000777032
102626,141718,5.0,8,3.62948692140062
102631,98491,4.375,13,3.618226438152805
102638,910,4.01,51,3.685394619279914
102639,736,3.321138211382114,124,3.4098469898332544
102640,1183,3.7111111111111112,46,3.5801075248108085
102644,2686,4.026315789473684,21,3.6077456123158207
102646,1408,3.833333333333334,50,3.6243416945195577
102649,8827,4.0,8,3.555412847326546
102650,7458,3.4270833333333335,49,3.4893400727825528
102655,1343,3.7800000000000002,27,3.5751542323721806
102657,48,3.1470588235294117,69,3.367642877720689
102662,474,3.6928571428571426,76,3.5945552861841463
102666,348,3.583333333333333,34,3.535954633168659
102677,3107,3.3043478260869565,27,3.4740313292568095
102685,908,4.184210526315789,60,3.7689826193138396
102687,7143,3.903225806451613,69,3.67637377607354
102689,947,3.75,7,3.534902687021187
102692,3751,3.551282051282051,80,3.533817508965728
102693,2352,3.84,28,3.589879589931773
102697,3556,3.7692307692307696,27,3.5728647108700606
102700,3358,3.85,12,3.555219531350598
102704,1213,4.25,134,3.9379683226977216
102705,49272,3.9444444444444446,88,3.718594141608394
102706,4816,3.5092592592592595,55,3.5160893340033947
102714,56757,3.716666666666667,31,3.5664217876178137
102721,6296,3.75,16,3.551591271648853
102730,662,3.2857142857142856,8,3.502502794416493
102731,7121,4.75,6,3.5894772406723296
102737,1125,3.6875,25,3.553376700090136
102738,183897,3.5,7,3.5185475468342706
102744,1086,4.1000000000000005,27,3.643185728435173
102746,55280,3.5625,9,3.5233677753327246
102749,1953,3.8717948717948714,43,3.625676692296828
102753,2948,3.75,38,3.583221648632369
102765,4016,3.716216216216216,39,3.574942589523017
102766,66934,3.916666666666667,31,3.6137500318926232
102767,1299,4.017857142857143,30,3.6347715522844712
102771,3623,2.714285714285714,79,3.164319323686248
102772,2628,3.107142857142857,144,3.276283438278026
102781,104841,3.578125,38,3.5358937500816445
102783,2194,3.9384615384615382,71,3.693657056970972
102784,6440,4.035714285714286,15,3.587133059104185
102791,70,3.509090909090909,56,3.515985118079217
102794,80463,3.885964912280702,58,3.6542440026806817
102798,5468,5.0,3,3.562957160303563
102799,6591,4.333333333333333,7,3.573064680790657
102808,6619,2.916666666666667,7,3.4803855530648002
102818,5792,3.666666666666667,7,3.529450973625548
102819,8784,3.7083333333333335,55,3.5867285215780664
102826,64614,3.9456521739130435,48,3.6579452152641423
102828,69757,3.666666666666667,44,3.5647077836430574
102833,54259,3.6029411764705883,35,3.5413891013906484
102836,785,3.369047619047619,45,3.473046416333861
102837,77800,4.0,10,3.563496250102427
102845,6365,3.354166666666667,100,3.4370062708896683
102858,96430,5.0,25,3.815876700090136
102867,3824,2.409090909090909,12,3.4008364144674808
102869,163,3.5606060606060606,68,3.5363440454314228
102871,1196,4.2156398104265405,223,4.000223731381999
102886,1625,3.7012987012987013,80,3.600491575639795
102890,64839,3.735294117647059,36,3.5768762922541253
102893,2455,3.383720930232558,45,3.4776002025636696
102897,945,4.071428571428571,9,3.5653894004965516
102910,5292,3.857142857142857,9,3.547696084638098
102912,5377,3.7159090909090913,47,3.5825327536326137
102913,59369,3.619047619047619,44,3.550157519092793
102918,44761,3.875,24,3.5885853831553787
102930,7293,3.5531914893617023,50,3.530961079862347
102935,1247,4.063291139240507,84,3.7679404522145084
102937,49530,3.764150943396227,55,3.606534770310061
102957,1961,3.807291666666667,97,3.661380097349917
102962,2083,3.736842105263158,23,3.560422405953818
102963,62999,3.6923076923076925,14,3.5410253965225844
102973,72998,3.6030927835051543,101,3.561676411170585
102977,5013,3.7037037037037037,28,3.5600647751169583
102986,73017,3.8534482758620694,61,3.646241815769274
102989,3089,4.125,20,3.6207048959272248
102990,6979,3.3095238095238098,22,3.4819189452523833
103018,89118,3.0,5,3.495091309631114
103022,3701,3.1153846153846154,14,3.470175194093435
103028,2125,3.619047619047619,22,3.537734714182906
103031,175303,3.3333333333333335,10,3.5028901894963664
103033,87485,2.888888888888889,11,3.4573186062076102
103035,1721,3.414285714285714,144,3.457548075280368
103036,5449,2.909090909090909,23,3.405639661954129
103041,1301,3.8076923076923075,14,3.5551954370084147
103045,247,3.928571428571429,23,3.596274230637478
103049,1298,3.760869565217391,24,3.566495621584551
103055,104374,3.933333333333333,16,3.576878627970692
103063,1834,4.0,12,3.571290959922026
103067,5110,3.604166666666667,25,3.536710033423469
103070,158966,4.5,8,3.592449884363583
103089,66320,4.0,2,3.5292606618751665
103095,33154,4.0,7,3.5512578272081026
103101,3967,3.8513513513513513,38,3.6111299917581037
103110,112183,3.3461538461538463,30,3.479763099199095
103120,236,3.477777777777778,48,3.506202167868921
103121,41,3.7,16,3.544694719924715
103122,125,3.5833333333333335,13,3.5271497419876137
103134,90430,4.0,5,3.5427103572501615
103140,8529,3.3191489361702127,49,3.4538448683463585
103141,2542,4.052238805970149,72,3.7427080322158006
103149,272,3.758064516129032,33,3.5789527559663536
103152,261,3.880952380952381,46,3.633619157774496
103159,2019,4.1875,50,3.742397250075113
103160,98243,3.791666666666667,14,3.553227375829827
103164,55276,3.911764705882353,18,3.579630103535164
103183,2294,3.2444444444444445,47,3.431792356463645
103191,1147,3.9,11,3.5575188064078103
103195,21,3.49438202247191,92,3.5076444457223053
103207,1081,3.5416666666666665,13,3.52235623166313
103208,337,3.7662337662337664,85,3.6330511223845248
103209,333,3.78,51,3.6077125000746157
103213,631,3.1818181818181817,12,3.4836286222596886
103226,3156,2.8,16,3.420556788890232
103227,1673,4.076923076923077,41,3.6818328628731427
103230,1464,3.264705882352941,19,3.4791092376132173
103245,933,4.217391304347826,24,3.6548546678678613
103258,1304,3.943548387096774,63,3.6836081956954834
103268,1253,3.82,27,3.5836581693800547
103269,131013,3.125,9,3.4872439221217153
103270,88125,3.91,55,3.658287661363013
103272,720,4.092592592592593,30,3.652018194531113
103277,4370,3.3392857142857144,60,3.452135814802561
103286,7147,3.8333333333333335,72,3.6510731832050407
103298,370,3.060344827586207,60,3.3475329822902458
103302,1120,3.537037037037037,28,3.523606441783625
103303,4246,3.623076923076923,66,3.560889544785204
103315,5010,3.81,54,3.621588230592643
103326,27751,5.0,3,3.562957160303563
103330,430,3.75,4,3.5286979568391055
103344,74458,4.022388059701492,69,3.7250258202998223
103348,898,4.310344827586207,34,3.720420236188045
103365,440,3.546052631578947,79,3.531411985508401
103371,412,3.5,16,3.5171085130281634
103380,2268,3.789473684210526,58,3.6188231721232755
103381,3316,2.4615384615384612,14,3.3898782980070647
103384,2580,3.9615384615384617,41,3.648281308044992
103401,6539,3.778523489932886,150,3.6750524440048
103403,1912,3.859375,35,3.6078719445279033
103407,55118,4.026315789473684,21,3.6077456123158207
103414,91500,3.435185185185185,55,3.489804985138401
103416,2694,3.1979166666666665,49,3.413976538106937
103426,4979,3.683823529411765,69,3.5867953316016497
103428,3543,3.75,16,3.551591271648853
103429,1220,3.8095238095238093,86,3.653782984571584
103430,1282,3.783018867924528,55,3.6132298403039744
103436,1023,3.6153846153846154,16,3.5330236323915587
103441,44974,3.5,13,3.517562721338646
103444,40815,3.816901408450704,76,3.64811985541773
103454,1596,4.333333333333333,4,3.551133854275003
103455,1917,3.0543478260869565,95,3.293064774305271
103464,2012,3.3693181818181817,89,3.4489624639845777
103472,105,3.282608695652174,24,3.4739290016687026
103482,2806,2.333333333333333,10,3.411981098587275
103485,53318,3.25,5,3.506996071535876
103488,7169,3.9375,9,3.554331078085018
103489,2,3.431818181818182,113,3.4731457373555
103490,26258,3.9,6,3.54136403312516
103491,122882,3.8191489361702127,53,3.623526020446328
103496,86,3.9666666666666663,20,3.5943160070383358
103505,66097,3.7,37,3.568500638768372
103507,68157,4.136363636363637,94,3.818570975924994
103510,3740,3.8571428571428568,30,3.597683640196559
103524,2318,4.125,20,3.6207048959272248
103544,1635,3.8823529411764706,19,3.5777251545682347
103546,1949,4.333333333333333,8,3.5801042053512373
103550,8368,3.9139784946236555,95,3.71185920256674
103568,88163,3.9838709677419355,32,3.6323368066591586
103570,2826,2.903846153846154,27,3.3888853044497096
103571,1693,3.5,20,3.5165382292605583
103582,27803,4.0,9,3.559491628543734
103600,7981,4.333333333333334,17,3.6380449075037062
103612,88,3.15625,17,3.4670157052245036
103619,1178,4.541666666666667,14,3.6453326389877216
103622,51931,4.1000000000000005,6,3.552684787842141
103626,1754,3.5,18,3.516818538231076
103654,70183,3.666666666666666,19,3.5432878502347362
103668,1797,4.25,7,3.5676129673950183
103669,2301,3.625,17,3.535124679583478
103687,609,3.571428571428571,15,3.5265740528930047
103690,1275,3.729166666666667,53,3.592355691794773
103694,6323,3.681818181818182,23,3.5501333796185786
103710,5378,3.157608695652174,95,3.3433713517857613
103714,5064,3.828125,33,3.5963361842952404
103719,44555,4.11764705882353,35,3.6748313671858552
103738,3639,3.583333333333333,19,3.5299825281058848
103740,98083,4.0,3,3.53383094671133
103743,7247,3.4545454545454546,12,3.512849401480468
103757,1954,3.828125,66,3.642414683802813
103777,136020,3.0588235294117645,19,3.446237265294878
103784,1242,4.170731707317073,44,3.718727657175126
103789,926,4.229166666666667,25,3.661710033423469
103796,2700,3.8618421052631584,80,3.671844199623998
103799,3160,3.7115384615384612,53,3.5862491893647412
103802,61240,3.9117647058823524,32,3.614856500753805
103814,63992,2.409090909090909,23,3.3121437269947798
103832,4308,3.590909090909091,56,3.5453557474498467
103843,741,4.148148148148148,28,3.6572869973391806
103850,3948,3.417582417582418,95,3.4700252163158805
103854,3822,4.125,5,3.548662738202543
103864,1140,5.0,2,3.5488685050124213
103872,1293,3.8333333333333335,29,3.5903197998289427
103878,532,3.0,17,3.444312713771512
103880,6283,3.9000000000000004,21,3.585823037283198
103885,106487,3.6346153846153846,28,3.5449517053163886
103892,6368,4.0,6,3.5470244104836506
103903,2739,3.9166666666666665,13,3.565497824583484
103908,71033,3.857142857142857,8,3.544830836744535
103919,87234,4.166666666666667,4,3.5447235978647464
103952,45499,3.355769230769231,53,3.4630088675950077
103968,3020,3.5294117647058822,22,3.5215708715966914
103970,3606,3.75,6,3.5328734670874242
103983,3451,4.545454545454546,13,3.6378362531166024
103994,1641,3.7589285714285716,57,3.606646599252838
103995,3481,3.6666666666666665,77,3.5837170669186458
103997,187593,3.875,15,3.5661703261849302
104019,3334,4.2,11,3.5872485361375404
104027,1755,4.1000000000000005,6,3.552684787842141
104031,2131,4.625,5,3.5724722620120666
104037,4846,3.5,7,3.5185475468342706
104042,6408,5.0,2,3.5488685050124213
104058,2985,3.3714285714285714,71,3.4582223162730736
104061,4235,3.9347826086956523,24,3.60015621064486
104062,2879,3.2142857142857144,8,3.4972117891254877
104071,55363,4.1000000000000005,12,3.5820052456363123
104072,1339,3.4655172413793105,30,3.507308498097279
104073,4025,3.0546875,67,3.333225449169263
104078,140110,3.6538461538461537,14,3.5363020496939748
104080,2572,3.5277777777777777,56,3.522693224787324
104082,96610,3.640625,33,3.549813627904263
104084,7173,3.041666666666667,25,3.4242100334234693
104086,487,2.5,5,3.4712817858215903
104088,2599,3.6607142857142856,59,3.572117801059181
104092,5899,4.0,5,3.5427103572501615
104094,1616,3.025,22,3.4306113730431718
104109,3676,3.75,11,3.5426539415429454
104110,2467,3.75,22,3.5613490779612045
104118,3671,3.935483870967742,63,3.6804912354738324
104130,63859,3.388888888888889,19,3.498936776471898
104138,145,3.2450980392156867,54,3.423505724863078
104150,151,3.5454545454545454,48,3.528151389818143
104152,2728,3.576923076923077,14,3.5268553560367546
104153,44195,4.027777777777778,41,3.667542385816708
104156,2687,3.458333333333333,25,3.507543366756803
104167,1252,4.211864406779661,70,3.804794682269666
104173,597,3.485185185185185,136,3.4998719182053053
104188,30810,3.4864864864864864,38,3.5106599565054597
104200,2312,3.833333333333333,14,3.5583443348941546
104203,407,3.4375,10,3.5123598864660632
104205,97921,3.716666666666667,31,3.5664217876178137
104226,3735,3.794117647058824,18,3.56168394201971
104242,3730,4.205882352941177,18,3.6244955073237977
104246,1931,4.166666666666667,8,3.5677585263388916
104257,3030,4.230769230769231,16,3.617904268996333
104258,1921,3.851063829787234,48,3.6272679144665823
104264,3082,3.333333333333333,41,3.4656117317583943
104265,55814,4.1000000000000005,6,3.552684787842141
104266,52,3.464285714285714,29,3.507355606399633
104271,3246,4.166666666666667,16,3.609062536016669
104279,103372,3.416666666666667,7,3.513095833438632
104284,1683,4.416666666666667,8,3.58627704485741
104285,2360,4.458333333333333,16,3.6492924210741404
104287,7445,3.6285714285714286,36,3.5486261686752822
104291,54997,4.0600000000000005,27,3.6346817914272993
104318,2921,4.181818181818182,13,3.596001981193835
104319,3072,3.555555555555556,28,3.527657367709551
104328,31364,4.7,7,3.597052219731467
104339,1748,3.8229166666666665,49,3.619513450858615
104349,117590,3.6363636363636362,12,3.5323299209609873
104357,1217,4.433333333333334,16,3.6458441452120716
104361,3897,3.8674698795180724,84,3.6785437901673097
104371,6807,3.95,42,3.6470745599385
104373,8665,3.7866666666666666,78,3.6367673455689156
104379,902,3.8472222222222223,37,3.6082613849159797
104397,2671,3.455357142857143,57,3.4964327684976055
104416,1254,3.65625,17,3.5396652778740765
104418,1982,3.7222222222222223,28,3.5641157010428843
104425,4447,3.15625,66,3.3752836597064273
104428,167746,3.7142857142857144,8,3.534248826162525
104432,892,3.5384615384615388,14,3.5221320092081445
104435,6218,3.3,42,3.454821038811739
104443,81591,3.630952380952381,44,3.553795085230359
104444,2393,3.151515151515152,34,3.4263888258416575
104454,56949,3.3,21,3.481690805878239
104461,30749,3.791666666666667,50,3.6104528056306684
104462,3086,5.0,6,3.6036281840685565
104464,4640,3.75,5,3.5308055953453996
104465,95167,3.466666666666667,31,3.5072614822743025
104466,3035,3.818181818181818,13,3.5541677092710673
104467,33437,3.444444444444444,11,3.5123736612626653
104472,6548,2.8823529411764706,18,3.4226011902749445
104478,8798,3.7613636363636362,45,3.594799663087107
104483,4369,3.0666666666666664,46,3.3770633847803673
104487,3198,3.928571428571429,16,3.576221813520774
104491,456,3.75,5,3.5308055953453996
104545,4034,3.8999999999999995,71,3.6776876462647192
104549,39,3.293269230769231,106,3.403257893071871
104560,1479,3.216666666666667,32,3.4463478851863663
104572,81847,3.916666666666667,25,3.599210033423469
104579,6942,3.788135593220339,60,3.6204545194030455
104583,176371,3.805555555555556,19,3.565463387116156
104588,3045,3.6,6,3.5243829010496883
104606,441,3.9285714285714284,43,3.6427493632156533
104620,1372,3.3452380952380953,43,3.4673414378077276
104622,85342,4.357142857142857,8,3.5818678737815723
104628,1266,4.111111111111111,51,3.7195447296551896
104641,5992,3.7,16,3.544694719924715
104653,171763,4.333333333333334,10,3.5937992804054573
104669,116823,3.869565217391304,24,3.587533489747244
104683,2478,3.1346153846153846,27,3.4379464794951367
104685,87869,3.4375,25,3.503376700090136
104689,2924,4.05,11,3.572383671272675
104691,7371,4.0249999999999995,22,3.6109392418956308
104694,1232,3.625,9,3.52852832579144
104696,8371,3.3043478260869565,24,3.4781365753012414
104700,2664,3.7692307692307696,17,3.5560812870785474
104703,30803,4.5,4,3.557544110685259
104716,289,3.5625,9,3.5233677753327246
104724,779,4.0,3,3.53383094671133
104727,53322,3.484848484848485,36,3.510581860042738
104738,174,2.6999999999999997,11,3.4385998874888917
104744,68237,3.96875,33,3.6312281015884738
104747,68358,3.864406779661017,64,3.654308667131537
104750,5669,3.775862068965517,61,3.6168457994916987
104767,552,3.262295081967213,62,3.4212770530446557
104769,7022,3.933333333333333,32,3.62008525892374
104776,27611,3.81578947368421,20,3.5691698082079264
104780,3942,5.0,2,3.5488685050124213
104783,6270,4.333333333333333,4,3.551133854275003
104793,106489,3.58,26,3.532258631041801
104794,4210,3.916666666666667,7,3.545806113812464
104806,3677,4.125,15,3.598779021837104
104817,106918,4.0,21,3.603178409184024
104833,2248,3.923076923076923,41,3.6370974564356082
104835,166528,3.925925925925926,28,3.6086758862280695
104852,5882,3.5625,11,3.5240728604618643
104870,111362,3.833333333333333,31,3.5940299301114527
104872,3307,3.8461538461538463,15,3.56240778437891
104877,2501,3.75,31,3.574309828330282
104879,33162,3.5,24,3.516004737994088
104890,198,3.25,30,3.457573750086669
104892,1952,3.9545454545454546,24,3.6039812775835314
104904,3704,3.270833333333333,25,3.4700433667568027
104926,290,4.035714285714286,15,3.587133059104185
104928,2804,3.9727272727272727,59,3.6878962050451323
104952,2947,3.839622641509434,54,3.6319753906024443
104963,58655,3.5,4,3.519082572223721
104974,8910,3.452380952380952,23,3.5072304830571452
104976,6888,2.275,21,3.303798243894768
104980,417,3.6923076923076925,15,3.542340894746803
104990,2436,4.25,8,3.5739313658450644
104991,3836,4.133333333333334,18,3.6134287077226013
104992,663,3.291666666666667,14,3.491823867057897
105000,104,3.4393939393939394,100,3.4796199072533045
105010,3837,2.5,4,3.4806210337621826
105014,6461,3.8333333333333335,8,3.5430671683142
105025,1587,3.258064516129032,33,3.454892605590414
105062,80906,4.291666666666667,14,3.6146308846017567
105066,96829,4.3,13,3.6095981195687346
105093,199,4.125,5,3.548662738202543
105096,2137,3.547619047619048,22,3.5248541521220162
105100,3362,3.9342105263157894,39,3.636106460702034
105102,1061,3.672413793103448,30,3.5550538561874645
105109,4270,3.088888888888889,47,3.382056906728195
105115,6650,3.333333333333333,4,3.5126723158134645
105120,2151,3.75,7,3.534902687021187
105136,131237,5.0,2,3.5488685050124213
105154,2100,3.1176470588235294,52,3.38225154322428
105160,97,3.9,11,3.5575188064078103
105176,6983,5.0,4,3.576774879916029
105180,8957,3.181818181818182,34,3.4340776544260088
105217,6787,4.018518518518518,28,3.628930515857699
105219,596,3.4499999999999997,61,3.4933825311258815
105228,53,5.0,3,3.562957160303563
105239,466,2.8666666666666663,62,3.2698637089172857
105241,46578,3.883116883116883,78,3.6790320471594598
105248,1590,2.94,26,3.400195138978309
105251,8638,3.7,16,3.544694719924715
105253,2321,3.483606557377049,62,3.505976506596568
105257,8366,3.8928571428571432,15,3.568499518731514
105280,2622,3.1363636363636362,12,3.478758492389559
105301,48738,3.9749999999999996,26,3.613766567549738
105302,7,3.185185185185185,55,3.401095307719046
105306,142422,4.25,5,3.554615119154924
105316,94959,3.7758620689655173,30,3.5789265352325574
105319,4446,3.3548387096774195,34,3.4779783853753674
105323,1569,3.5,41,3.5140750887323895
105331,249,3.7222222222222228,19,3.5521580649873044
105339,2080,3.4,56,3.4768242789183783
105341,5466,4.0,5,3.5427103572501615
105358,46965,2.6428571428571432,15,3.4054560404706447
105364,338,2.8421052631578947,21,3.402221471384981
105374,3060,3.8666666666666667,16,3.5676832256718414
105387,534,3.6071428571428568,15,3.5312324379861724
105393,2390,3.928571428571429,8,3.5501218420355407
105397,67734,3.3333333333333335,16,3.4941200072810368
105404,3798,3.1999999999999997,28,3.449879589931773
105406,1283,4.2105263157894735,21,3.6397160342383956
105414,154,3.875,13,3.560704314259
105416,3615,3.1071428571428568,15,3.4660150466818243
105428,1674,3.6500000000000004,41,3.5576921100089853
105432,55052,3.5384615384615388,14,3.5221320092081445
105438,128620,3.9,6,3.54136403312516
105446,1711,3.104166666666667,25,3.436710033423469
105476,84152,3.95,31,3.621638072605091
105483,936,4.0,7,3.5512578272081026
105484,2148,3.055555555555556,10,3.477637664243841
105496,4787,3.35,11,3.5030143019033058
105500,8873,3.7962962962962963,29,3.5819936442159657
105508,2249,3.1818181818181817,13,3.4809577334062243
105510,65261,4.0,12,3.571290959922026
105518,1809,4.0,9,3.559491628543734
105525,7756,4.0,3,3.53383094671133
105535,54503,3.8636363636363638,56,3.6432578453519446
105540,3404,3.583333333333333,8,3.5245486497956815
105553,38038,3.6333333333333333,31,3.546701685836643
105559,4848,3.843137254901961,52,3.630445557672164
105566,2953,2.5161290322580645,32,3.2765205798751897
105569,1438,2.625,26,3.335195138978309
105570,54272,3.6195652173913047,47,3.551728930126927
105571,2167,3.3620689655172415,59,3.4612997262690834
105578,57274,4.0625,9,3.564652179002449
105585,1909,3.4404761904761907,43,3.4959794664457564
105587,91658,3.488095238095238,43,3.510298480764771
105595,47610,3.7790697674418605,46,3.601519156257483
105603,112,3.543478260869565,47,3.5274018079737175
105613,45668,3.1,11,3.4782395271285313
105637,2563,4.166666666666667,4,3.5447235978647464
105654,2427,3.3,36,3.4616513787593157
105670,64716,4.136363636363637,12,3.585901349532416
105674,2193,3.3375000000000004,41,3.4668233156827446
105675,3869,3.423076923076923,27,3.49927294830192
105682,94677,3.558823529411765,18,3.525791618988803
105684,4440,3.75,3,3.5265493933132714
105699,350,3.385964912280702,58,3.4706996988832133
105701,4921,4.0,6,3.5470244104836506
105705,317,3.2037037037037037,82,3.37740819348885
105711,99636,5.0,3,3.562957160303563
105712,3408,3.528571428571429,71,3.5234687657300494
105713,34405,3.94,51,3.6617522351739535
105746,1029,3.3857142857142857,36,3.4843404543895677
105754,26810,4.833333333333333,4,3.570364623505772
